{"cameraMode":{"drawMode":0,"name":"Shaded","section":"Shading Mode"},"sceneLighting":false,"audioPlay":false,"sceneViewState":{"showFog":true,"showMaterialUpdate":false,"showSkybox":true,"showFlares":true,"showImageEffects":true,"showParticleSystems":true},"in2DMode":false,"pivot":{"x":0.0,"y":0.05000000074505806,"z":0.030000021681189538},"rotation":{"x":-0.2624184191226959,"y":-0.33494964241981509,"z":0.09769909083843231,"w":-0.8996667861938477},"size":0.3523436188697815,"orthographic":false}