{"cameraMode":{"drawMode":0,"name":"Shaded","section":"Shading Mode"},"sceneLighting":false,"audioPlay":false,"sceneViewState":{"showFog":true,"showMaterialUpdate":false,"showSkybox":true,"showFlares":true,"showImageEffects":true,"showParticleSystems":true},"in2DMode":false,"pivot":{"x":0.0,"y":0.11999999731779099,"z":0.07000000029802323},"rotation":{"x":-0.15857824683189393,"y":-0.6821979880332947,"z":0.1552840918302536,"w":-0.6966676115989685},"size":0.9634034037590027,"orthographic":false}