{"cameraMode":{"drawMode":0,"name":"Shaded","section":"Shading Mode"},"sceneLighting":true,"audioPlay":false,"sceneViewState":{"showFog":true,"showMaterialUpdate":false,"showSkybox":true,"showFlares":true,"showImageEffects":true,"showParticleSystems":true},"in2DMode":false,"pivot":{"x":0.049072265625,"y":0.136474609375,"z":0.108154296875},"rotation":{"x":-0.0016386087518185378,"y":-0.9895411729812622,"z":0.1438005268573761,"w":-0.011274175718426705},"size":0.946042001247406,"orthographic":true}