{"cameraMode":{"drawMode":0,"name":"Shaded","section":"Shading Mode"},"sceneLighting":false,"audioPlay":false,"sceneViewState":{"showFog":true,"showMaterialUpdate":false,"showSkybox":true,"showFlares":true,"showImageEffects":true,"showParticleSystems":true},"in2DMode":false,"pivot":{"x":564.794921875,"y":585.4058227539063,"z":-1065.4608154296875},"rotation":{"x":-0.367156982421875,"y":0.5905462503433228,"z":-0.3434852361679077,"w":-0.631243884563446},"size":23.334524154663087,"orthographic":false}