{"cameraMode":{"drawMode":0,"name":"Shaded","section":"Shading Mode"},"sceneLighting":false,"audioPlay":false,"sceneViewState":{"showFog":true,"showMaterialUpdate":false,"showSkybox":true,"showFlares":true,"showImageEffects":true,"showParticleSystems":true},"in2DMode":false,"pivot":{"x":1024.6268310546875,"y":709.4228515625,"z":1028.662353515625},"rotation":{"x":-0.16286103427410127,"y":0.050883881747722629,"z":-0.008410639129579068,"w":-0.9853001832962036},"size":0.23357312381267548,"orthographic":false}