{"cameraMode":{"drawMode":0,"name":"Shaded","section":"Shading Mode"},"sceneLighting":false,"audioPlay":false,"sceneViewState":{"showFog":true,"showMaterialUpdate":false,"showSkybox":true,"showFlares":true,"showImageEffects":true,"showParticleSystems":true},"in2DMode":false,"pivot":{"x":-0.00035199522972106934,"y":0.1014769971370697,"z":0.00009649991989135742},"rotation":{"x":-0.16286103427410127,"y":0.050883881747722629,"z":-0.008410639129579068,"w":-0.9853001832962036},"size":0.4708981215953827,"orthographic":false}