{"cameraMode":{"drawMode":0,"name":"Shaded","section":"Shading Mode"},"sceneLighting":false,"audioPlay":false,"sceneViewState":{"showFog":true,"showMaterialUpdate":false,"showSkybox":true,"showFlares":true,"showImageEffects":true,"showParticleSystems":true},"in2DMode":false,"pivot":{"x":568.6956787109375,"y":586.669921875,"z":-1067.4326171875},"rotation":{"x":-0.367156982421875,"y":0.5905462503433228,"z":-0.3434852361679077,"w":-0.631243884563446},"size":1.9685423374176026,"orthographic":false}