{"cameraMode":{"drawMode":0,"name":"Shaded","section":"Shading Mode"},"sceneLighting":false,"audioPlay":false,"sceneViewState":{"showFog":true,"showMaterialUpdate":false,"showSkybox":true,"showFlares":true,"showImageEffects":true,"showParticleSystems":true},"in2DMode":false,"pivot":{"x":639.8082885742188,"y":622.81494140625,"z":-1112.4144287109375},"rotation":{"x":-0.16286103427410127,"y":0.050883881747722629,"z":-0.008410639129579068,"w":-0.9853001832962036},"size":1.211619257926941,"orthographic":false}