{"cameraMode":{"drawMode":0,"name":"Shaded","section":"Shading Mode"},"sceneLighting":false,"audioPlay":false,"sceneViewState":{"showFog":true,"showMaterialUpdate":false,"showSkybox":true,"showFlares":true,"showImageEffects":true,"showParticleSystems":true},"in2DMode":false,"pivot":{"x":0.03441593423485756,"y":0.13384835422039033,"z":0.05006265640258789},"rotation":{"x":-0.16286103427410127,"y":0.050883881747722629,"z":-0.008410639129579068,"w":-0.9853001832962036},"size":0.8542929291725159,"orthographic":false}