{"cameraMode":{"drawMode":0,"name":"Shaded","section":"Shading Mode"},"sceneLighting":false,"audioPlay":false,"sceneViewState":{"showFog":true,"showMaterialUpdate":false,"showSkybox":true,"showFlares":true,"showImageEffects":true,"showParticleSystems":true},"in2DMode":false,"pivot":{"x":559.8821411132813,"y":585.6124877929688,"z":-1071.59521484375},"rotation":{"x":-0.16286103427410127,"y":0.050883881747722629,"z":-0.008410639129579068,"w":-0.9853001832962036},"size":0.17083023488521577,"orthographic":false}