{"cameraMode":{"drawMode":0,"name":"Shaded","section":"Shading Mode"},"sceneLighting":true,"audioPlay":false,"sceneViewState":{"showFog":true,"showMaterialUpdate":false,"showSkybox":true,"showFlares":true,"showImageEffects":true,"showParticleSystems":true},"in2DMode":false,"pivot":{"x":524.2491455078125,"y":334.629150390625,"z":0.0},"rotation":{"x":0.02938239276409149,"y":0.14254647493362428,"z":0.004233516752719879,"w":-0.9893428683280945},"size":0.028597448021173478,"orthographic":false}